Email,
AAAAA@fake.com,
1AA0mltju62xpbhbr78dw9ejgq@gmail.com,
2AA00k0ciz0i6i7j8t2dchexamp@gmail.com,
3AAe9pgrnx0bync5erdwhpgzc@gmail.com,
4AAtnbzkp0b1cumupeb0ej2@gmail.com,
5AAzbpsdkn7d1s7wpydfjk958@gmail.com,
6AAhzoie4lj9dnwam8icb3pe@gmail.com,
7AAb70uqmlobll5uc8t4i02ei@gmail.com,
8AAt37kxom4jwh8ii4u89gyj@gmail.com,
9AA67u1vyas96wqx1q3hofu4@gmail.com,
10AA7tdk5uj5omayqqmjh31mjl@gmail.com,
11AAn2s2r055s1j2wz4tckbc4k@gmail.com,
12AAfsh75wtu48q144mpdrp4xv@gmail.com,
13AAiz1v102d9egstltd0bdn4@gmail.com,
14AAk52eilpn161awbmb5xupb@gmail.com,
15AAjw2mpza6w6rtlgzaegixx@gmail.com,
16AAwu8241wow74mc7voyochq@gmail.com,
17AA9poa631q3tb1nby3x80vsj@gmail.com,
18AAm49xiq83h3qxmc4no1md1q@gmail.com,
19AAss1g3sigddlv3ednnrg4z@gmail.com,
20AA1zohz6rx43bkx144bbccl@gmail.com,
21AAkjesnnxv4s893bz0t0v82u@gmail.com,
22AA3h8r2yeyi9yifo1c6tlzj@gmail.com,
23AAdznbm7pnmoth0xee772fk@gmail.com,
24AA6bku0b5uok9kr4sn4n3yf9@gmail.com,
25AApz5spih0jbnn0kl1nmi3nn@gmail.com,
26AAnlfxz5zyzpio1ntajojhm@gmail.com,
27AApi9lmh2fhticggj6uk7btn@gmail.com,
28AAjlfzc5n7fcqlvmlsc5orpp@gmail.com,
29AAcmbabj1xliljzw2x8tn4pr@gmail.com,
30AAdn0v2yogscg98qsna2gfmp@gmail.com,
31AAq12k86ukuzdocdqc548x4e@gmail.com,
32AAndbqqsoencgv4qyk6d50w@gmail.com,
33AA05h7kgny9at4xg8u75vy9xn@gmail.com,
34AAuy25w49ovroqylafwclfg@gmail.com,
35AAxdneij2st2qxx95hh5ldt@gmail.com,
36AAw5nxkd7n5ikwq9m2k2js2b@gmail.com,
37AAqla7m00swfe98vc1z60b1@gmail.com,
38AAay6tqpi8cvtdiby1n3qctv@gmail.com,
39AA46ys7nbfset6sycz4kikfd@gmail.com,
40AA1ytkj09cjgbbb50tbolwjc@gmail.com,
41AAko7gw1opcghva9lfdnc7p@gmail.com,
42AArtbw73mjd5i8cukstablrg@gmail.com,
43AArhr3eijsugltyxhjjhx1fp@gmail.com,
44AA4qmy6szb78sy8ozajn43oo@gmail.com,
45AAuix94epwjrixsxqfnlfhim@gmail.com,
46AA6kx82saj9cr087cchcnnfug@gmail.com,
47AA6njo2zbykedq5145jsz5hq@gmail.com,
48AAghljeb9qkjucjck855lsrk@gmail.com,
49AA2ijht00cmooiuppk0dm1v@gmail.com,
50AA0261gg2qw7zo1b7ypllhz9j@gmail.com,
51AArqquc58drabxhcgqiw92r@gmail.com,
52AA259l8p95bif9c5and79wm@gmail.com,
53AA0q798dniuu2l15cx7j6tho6@gmail.com,
54AAylt18yc0ijhyf9m2srpuof@gmail.com,
55AAai65p4nj3wtsbrjv4mml@gmail.com,
56AAns2freypg81qb7mksgtj3@gmail.com,
57AA7lj7aop8m9cfs5kk3tdxy@gmail.com,
58AAborsl6m829tr5o1j2qz4wm@gmail.com,
59AAn4lmw70ynk7hi084srlbk@gmail.com,
60AAozgcbwdgykm8bfi8go2rgt@gmail.com,
61AAbhtvunlfl1pp1mt0n7q6r@gmail.com,
62AAnp0la6hz84eqye0k1fui19@gmail.com,
63AAd0rig5chposr8fn8naqh@gmail.com,
64AA4co85hgm63ldp0y2279ghl@gmail.com,
65AArrdl3xfwsybtw0xkga5mii@gmail.com,
66AAxggtvk435bhnvmlhu4jxt@gmail.com,
67AAqzm8sx9zczlsxwoh14a1u@gmail.com,
68AAdz2e05hv9ihjz96r1ng2i@gmail.com,
69AA5fj40hose4wvdnxin4pgs@gmail.com,
70AA9h60sasyo6rla73u3hy5bb@gmail.com,
71AA33tpiaabfj89yenk7xmb86@gmail.com,
72AA6x0g6rwvyaiv14og7w9prc@gmail.com,
73AAl31av1y193nhmgnmsh6xi@gmail.com,
74AAwvmda0j3zxerj0jhwpz0wg@gmail.com,
75AAwy706kkintkvn3u4e0fz@gmail.com,
76AA1lejzhhgd7h3tcl7nsxae@gmail.com,
77AAdb665ret3q5a1cjziexgk@gmail.com,
78AA5sznzwhsu0akcx9mt24rdc@gmail.com,
79AAy280pu2i1olqlcnibi3mr@gmail.com,
80AAqg9rz1ape9pl2l0ivgddak@gmail.com,
81AAt094s2i9689bjmsx47lptn@gmail.com,
82AAyf57brlvm7d2uvtgzy5oq@gmail.com,
83AA8ukpg4ev24qaxzjh55gtj5@gmail.com,
84AAayrjhcn7w5kb42c8pgwya@gmail.com,
85AArc6orkigu2mnbtxgu6vlu@gmail.com,
86AAimdl8cnwexaka8ev4agn5o@gmail.com,
87AAdxed7lkqgmue1ysv95xjj@gmail.com,
88AAc8auktkkjo6t8jsepe6o4m@gmail.com,
89AAx8tnioycsufcq3trvd8z27@gmail.com,
90AAeiwxcph55dd07q3vsh2kro6@gmail.com,
91AAxfp3erkvmaayze53pb4rl7@gmail.com,
92AAf3biijgfcjkikwg6s14899@gmail.com,
93AAsflrqwr9syy6iimehuusn@gmail.com,
94AAahrwdp7ghz5839av0nabxx@gmail.com,
95AA6ekekp1kk8sn92f2wjylgq@gmail.com,
96AA03ku4kn3odxrvr02gbgyhd9@gmail.com,
97AAxkqxfxkapj2247xmh9pl5@gmail.com,
98AAjk8djfye5tffpmnu4cbbxh@gmail.com,
99AAnckx59aspcpnyjhcyhgl@gmail.com,
